,Sepal Length cms,Sepal Width cms,Petal Length cms,Petal Width cms
count,150.0,150.0,150.0,150.0
mean,5.843333333333334,3.0540000000000003,3.758666666666666,1.1986666666666668
std,0.828066127977863,0.4335943113621737,1.7644204199522626,0.7631607417008411
min,4.3,2.0,1.0,0.1
25%,5.1,2.8,1.6,0.3
50%,5.8,3.0,4.35,1.3
75%,6.4,3.3,5.1,1.8
max,7.9,4.4,6.9,2.5
